#<reference_id>	<simulation_id>	<chromosome>	<block_start>	<block_end>	<indicator>	<new_chromosome>	<copy_number>
k562	del	4	0	160490000	!>	4	1
k562	del	4	160490000	163620000	>>	4	0
k562	del	4	163620000	+	>!	4	1
k562	inv	16	0	22575000	!>	16	1
k562	inv	16	22575000	22700000	>>	16	-1
k562	inv	16	22700000	+	>!	16	1
k562	cnv-9d	9	130905000	131110000	!>	9d	3
k562	cnv-9d	9	131415000	131465000	>>	9d	-3
k562	cnv-9d	9	132430000	132665000	>!	9d	3
k562	cnv-9d2	9	130905000	131110000	!>	9d	1
k562	cnv-9d2	9	131415000	131465000	>>	9d	-1
k562	cnv-9d2	9	132430000	132665000	>>	9d	1
k562	cnv-9d2	9	130905000	131110000	>>	9d	1
k562	cnv-9d2	9	131415000	131465000	>>	9d	-1
k562	cnv-9d2	9	132430000	132665000	>!	9d	1
k562	cnv-9d3	9	0	5905000	!>	9x	1
k562	cnv-9d3	9	130905000	131110000	>>	9d	1
k562	cnv-9d3	9	131415000	131465000	>>	9d	-1
k562	cnv-9d3	9	132430000	132665000	>>	9d	1
k562	cnv-9d3	9	130905000	131110000	>>	9d	1
k562	cnv-9d3	9	131415000	131465000	>>	9d	-1
k562	cnv-9d3	9	132430000	132665000	>!	9d	1
k562	cnv-9	9	0	5905000	!>	9	1
k562	cnv-9	9	130905000	131110000	>>	9	3
k562	cnv-9	9	131110000	131415000	>>	9	1
k562	cnv-9	9	131415000	131465000	>>	9	-3
k562	cnv-9	9	131465000	132430000	>>	9	1
k562	cnv-9	9	132430000	132665000	>!	9	3
